participant,Neptun:1,Computer_task:1,Challengescenario:1,Failurescenario:1,Failurescenario:2,Criticismscenario:1,Criticismscenario:2,IQ1:1,IQ2:1,FMS1:1,FMS2:1,FMS3:1,FMS4:1,CrMS1:1,CrMS2:1,CrMS3:1,CrMS4:1,ChMS1:1,ChMS2:1,ChMS3:1,ChMS4:1,Ego1:1,Ego2:1,Ego3:1,Ego4:1,Ego5:1,Ego6:1,Ego7:1,Ego8:1,Ego9:1,Ego10:1,Ego11:1,university:1,gender:1,age:1,father:1,mother:1,feedback:1,country,TIME_start,TIME_end,TIME_total
s.ff683742-a3a6-4e2d-bb3a-69ac279810fb.txt,ILZUVX,"",2,3,4,3,4,2,2,3,4,3,3,4,4,4,3,5,4,2,3,3,5,5,4,6,4,4,4,5,5,5,ELTE ,1,21,3,4,"","HU, Hungary",2020-03-08-09-45,2020-03-08-10-22,37,
s.bf8afbb4-8f21-40b3-983a-324e607335bc.txt,WQCENY,"",1,5,3,4,3,4,5,2,3,3,5,4,3,3,3,3,4,4,4,2,2,4,4,4,1,1,5,5,6,2,Eötvös Lóránd Tudományegyetem,1,19,3,4,"","HU, Hungary",2020-02-29-10-56,2020-02-29-11-21,25,
s.4a45cc3c-b246-45df-8506-f1576b72facd.txt,bhyurs,"",2,2,4,2,4,2,2,4,5,2,2,4,4,2,2,5,5,2,2,4,6,5,5,5,4,3,5,3,5,4,Testnevelési Egyetem,2,45,4,3,"","HU, Hungary",2020-03-09-08-31,2020-03-09-08-49,18,
s.9757bd85-154b-44c3-a2ab-1fa74926cea9.txt,T12SSG,"",1,3,4,2,4,3,2,3,4,3,4,5,4,2,3,4,4,3,2,4,2,4,4,4,4,5,5,4,5,5,Eötvös Loránd Tudományegyetem,1,21,2,2,"","HU, Hungary",2020-03-05-15-08,2020-03-05-15-27,19,
s.2c654e96-8131-43ba-aa9a-189d51e7f53c.txt,j83kz1,"",1,3,3,4,3,3,3,4,4,3,3,4,4,3,3,5,4,2,3,4,6,4,4,5,4,4,4,4,4,4,Elte,1,18,4,4,"","HU, Hungary",2020-02-29-14-13,2020-02-29-14-31,18,
s.13f4ddff-f354-4160-8b72-8d259bfbaacb.txt,MJA2DL,"",1,2,4,2,4,2,4,2,1,4,5,2,2,3,4,4,2,2,2,3,3,4,6,5,4,4,4,5,4,5,ELTE,1,22,2,4,"","HU, Hungary",2020-03-21-11-39,2020-03-21-11-57,18,
s.03c1f7c6-ceb6-47b5-8902-e42f35514c6c.txt,Z69AFP,"",2,3,4,5,2,4,4,2,1,5,5,2,2,4,5,5,4,2,2,4,5,5,5,5,2,1,4,1,2,4,ELTE,2,22,4,4,"","HU, Hungary",2020-03-20-12-07,2020-03-20-12-24,17,
s.d5827bf7-5999-4e80-beeb-a23ae3607a01.txt,c5tng2,"",1,3,3,2,4,2,1,1,2,1,6,4,5,5,2,5,5,3,1,4,3,5,4,4,6,3,5,5,4,4,TF,2,34,2,2,-,"HU, Hungary",2020-03-08-23-00,2020-03-08-23-22,22,
s.8dbdbd44-7372-4121-b6bc-0b11f1de4368.txt,JFIRBJ,"",1,1,4,2,4,2,3,4,3,2,3,6,6,1,2,6,5,1,2,6,2,3,6,6,4,3,5,3,6,5,ELTE,2,19,1,2,"","HU, Hungary",2020-03-01-15-04,2020-03-01-15-21,17,
s.03c69647-6573-4bba-bfea-9cb486b3f46a.txt,CPVDAE,"","","","","","","","","","","","","","","","","","","","","","","","","","","","","","","","","","","","","","HU, Hungary",2020-03-16-18-22,"",""
s.b69adfb5-d35c-42e3-9004-7d8bc940811f.txt,JH3Z00,"",2,3,4,2,4,2,2,4,4,3,3,4,4,4,3,4,4,3,3,3,3,3,4,4,4,3,4,4,4,4,Eötvös Lóránd Tudományegyetem,2,23,2,2,"","HU, Hungary",2020-03-05-22-37,2020-03-05-23-01,24,
s.870b2940-6da5-46da-b84c-2589e4a9d2ea.txt,IBNWV7,"",1,5,3,2,3,3,4,1,4,5,5,4,3,3,4,5,5,3,3,2,5,1,4,5,2,6,5,3,2,3,ELTE,1,23,4,4,"","HU, Hungary",2020-03-21-17-36,2020-03-21-17-59,23,
s.7d36431c-6171-4889-8c80-e862e4d8c5d9.txt,JK5EU5,"",1,2,3,3,4,2,2,1,3,3,4,4,3,1,2,4,6,1,3,4,4,1,2,4,4,4,6,4,4,3,Eötvös Loránd Tudományegyetem,1,22,2,4,"","HU, Hungary",2020-03-19-14-55,2020-03-19-15-12,17,
s.7a172754-a2f3-49cc-9625-89fb5eed67f2.txt,MU44JL,"",1,4,2,5,3,2,2,2,1,4,4,2,2,6,5,2,5,3,2,3,2,3,3,3,1,5,5,1,2,2,ELTE,1,25,4,4,"","HU, Hungary",2020-03-20-11-08,2020-03-20-11-29,21,
s.1d3e0831-763a-4a22-9e70-0d35229f8aa5.txt,V0DKM4,"",2,2,4,2,5,1,1,4,5,1,1,5,4,1,1,6,6,1,2,6,6,4,5,5,5,6,5,4,4,6,Eötvös Loránd Tudományegyetem,1,23,2,4,"","HU, Hungary",2020-03-02-09-29,2020-03-02-09-53,24,
s.bc08ef13-93c7-498c-a6a4-03e48c160fcc.txt,OE9A7M,"",1,3,3,2,4,3,3,2,2,4,4,4,4,2,3,4,4,2,3,3,4,5,4,5,3,2,5,6,4,5,ELTE,1,20,2,2,"","HU, Hungary",2020-03-19-17-18,2020-03-19-17-42,24,
s.60166858-5059-4ebd-a40f-5921e57f8be1.txt,E5ORWF,"",2,1,4,2,4,3,4,3,4,2,2,5,4,2,2,5,5,3,1,5,3,4,5,5,4,4,4,5,6,4,ELTE,1,22,3,4,"","HU, Hungary",2020-03-19-19-01,2020-03-19-19-17,16,
s.146f2aa9-6cc9-4826-85d2-3df98febd375.txt,TI1QL1,"",1,3,2,3,3,2,2,3,3,3,3,4,3,3,3,3,4,3,3,4,6,3,5,4,4,2,4,4,4,4,Eötvös Lóránd Tudományegyetem ,1,20,2,2,"","HU, Hungary",2020-02-28-21-12,2020-02-28-21-31,19,
s.4cdc1f7f-ecb0-4276-9511-686b93038b56.txt,XFDGZX,"",1,4,4,4,4,3,2,3,4,2,2,4,4,2,3,4,4,2,2,4,3,3,3,4,3,4,5,4,4,6,Eötvös Loránd Tudományegyetem,1,20,4,4,"","HU, Hungary",2020-03-20-10-42,2020-03-20-11-04,22,
s.b0c136a1-3eb5-47d0-a5c0-bc0d8e1fd5b7.txt,Y5M8RB,"",1,2,5,2,5,1,1,4,4,2,2,5,6,2,2,5,5,3,2,4,6,5,4,5,4,5,5,5,4,5,Eötvös Loránd Tudományegyetem,1,24,2,4,"","HU, Hungary",2020-03-02-14-29,2020-03-02-14-50,21,
s.d592b2e5-5b63-414d-a88f-0f9ab879ac04.txt,S0S3EQ,"",1,4,2,3,4,2,2,2,4,1,3,4,4,2,4,6,5,2,2,5,5,6,2,6,5,2,6,4,3,5,EÖTVÖS LORÁND TUDOMÁNYEGYETEM,2,21,1,2,Egy idő után fejfájást okoz a gyorsan felvillanó szavak. (lehetséges hogy fehér háttéren más színnel jobb lenne),"HU, Hungary",2020-03-20-19-06,2020-03-20-19-33,27,
s.1a271e59-392d-4d8b-9d52-0e3ace0ce631.txt,"","","","","","","","","","","","","","","","","","","","","","","","","","","","","","","","","","","","","","","HU, Hungary",2020-03-05-16-49,"",""
s.3eb4ca05-da5c-4731-9140-e42d02167448.txt,LNVYU3,"",2,1,4,1,5,1,2,4,5,2,3,5,5,2,2,6,6,1,1,6,4,6,5,6,5,5,5,5,6,6,ELTE és Kodolányi János Egyetem,1,21,2,2,"","HU, Hungary",2020-03-19-14-35,2020-03-19-14-56,21,
s.d76314c5-aa1d-467b-aaa1-e1dd3997ace0.txt,HLJ5FC,"","","","","","","","","","","","","","","","","","","","","","","","","","","","","","","","","","","","","","HU, Hungary",2020-04-09-09-25,"",""
s.89c0b135-1474-4691-97bd-317919ddaa50.txt,BTNHX,"",1,3,5,3,5,1,1,2,3,2,4,3,4,5,5,4,5,2,3,4,6,4,4,4,2,2,5,5,4,4,BGGYK,1,21,3,3,"","HU, Hungary",2020-03-01-10-00,2020-03-01-10-21,21,
s.ad89f5f6-6aaf-4bc3-a166-d9b223f713b9.txt,N8ANIC,"",1,2,4,3,4,3,3,3,4,3,4,4,4,4,3,3,4,4,3,3,3,3,4,4,5,3,4,3,3,3,ELTE,1,31,4,4,"","HU, Hungary",2020-03-21-13-15,2020-03-21-13-33,18,
s.a96fcf6d-1577-4d08-9b86-04e90df5314d.txt,I1G8XI,"",2,3,4,4,5,4,3,3,3,3,3,4,3,4,3,5,6,2,2,4,4,4,4,5,3,4,4,5,4,4,Elte,1,20,4,4,"","HU, Hungary",2020-03-19-14-44,2020-03-19-14-59,15,
s.d05d2de8-f069-4923-bd50-039ed165b44e.txt,V09MTN,"",1,3,4,4,3,2,1,1,3,4,4,4,4,3,2,5,5,3,2,5,1,3,4,4,2,1,4,4,3,4,ELTE ,1,20,2,3,"","HU, Hungary",2020-03-19-21-48,2020-03-19-22-40,52,
s.0015ec6c-b387-4531-a812-6d10abbe8e98.txt,M6GRPC,"",1,5,5,5,5,1,1,1,1,6,6,1,1,6,1,1,6,6,6,6,1,6,6,6,1,1,4,1,5,1,Eötvös Loránd Tudományegyetem,1,20,1,1,"","HU, Hungary",2020-03-19-18-02,2020-03-19-18-31,29,
s.a453b4d7-ab2a-4c79-afb8-7eb53960ec58.txt,G2GML6,"",1,5,4,4,5,4,4,3,4,2,3,5,4,2,3,4,4,2,3,3,5,5,2,4,3,1,5,4,3,5,ELTE,1,20,2,1,"","HU, Hungary",2020-03-10-18-56,2020-03-10-19-14,18,
s.cd3c5c65-6997-4133-a6aa-01950e0c4d13.txt,CG2504,"",2,2,4,2,4,2,3,3,4,3,3,4,4,3,2,5,5,2,2,5,5,4,5,5,4,4,5,5,5,5,ELTE - PPK,1,19,3,3,"","HU, Hungary",2020-03-09-11-56,2020-03-09-12-13,17,
s.dbc57ef1-af2b-4732-86f2-c513721a4939.txt,CN476Q,"",1,4,4,4,3,2,2,3,4,3,3,4,3,3,4,4,4,3,3,4,4,3,3,4,4,4,4,3,5,4,Eötvös Lóránd Tudományegyetem,2,21,3,4,"","HU, Hungary",2020-03-01-18-59,2020-03-01-19-18,19,
s.e5428923-2b1f-4281-946d-693fced8712d.txt,GJ4I2K,"",1,2,4,3,3,3,3,3,3,2,4,5,5,3,3,4,5,3,3,3,4,3,2,5,3,4,5,5,5,4,Eötvös Loránd Tudományegyetem,1,20,2,2,"","HU, Hungary",2020-03-06-10-29,2020-03-06-10-53,24,
s.b7193ee4-c98a-4911-88eb-4ffe2558d188.txt,DLRVVP,"",1,4,4,3,4,4,5,3,3,2,3,5,2,2,4,4,5,2,2,3,3,2,3,3,4,2,5,3,5,5,Testnevelési Egyetem,2,35,2,2,"","TR, Turkey",2020-03-05-16-35,2020-03-05-16-57,22,
s.28733233-8ba2-4bc8-bf99-52d757969056.txt,LJKJT7,"",1,2,4,3,5,3,3,2,4,2,2,6,4,1,2,4,4,1,2,4,4,3,1,5,3,6,1,1,4,4,Eötvös Loránd Tudományegyetem,1,20,1,2,"","HU, Hungary",2020-03-20-12-06,2020-03-20-12-32,26,
s.df4448c8-9132-48bf-8584-c816ed7a12c4.txt,EJM53S,"",2,4,1,5,5,1,1,2,1,3,3,1,4,2,4,6,4,3,1,5,6,1,6,6,5,1,6,5,6,6,Eötvös Lóránd Tudományegyetem,1,23,1,2,"Hosszan nyomtam a space gombot egyszer. Remélni tudom, hogy nem léptem ki ezzel belőle és nem érvénytelen a felmérésem. A mostani helyzetre való tekintettel különösen fontos az összes kredit megszerzése online. Ez az egy észrevételem van, remlem, hogy nem én voltam ügyetlen és megkapják a tesztem, hogy kaphassak kreditet. ","HU, Hungary",2020-03-22-23-13,2020-03-22-23-33,20,
s.6690473a-7ce3-45f5-b1b6-6ade80785968.txt,UNL4NS,"",1,2,3,4,2,4,4,3,3,3,4,3,3,3,3,4,3,2,3,3,2,3,4,3,5,5,4,5,3,5,ELTE,1,22,2,2,"","HU, Hungary",2020-03-01-16-13,2020-03-01-16-38,25,
s.09c3942e-c172-4789-9587-d01ece5e8298.txt,P6BV8R,"",1,2,3,3,4,2,2,2,3,4,4,3,2,4,5,4,3,3,2,3,1,5,4,4,4,1,4,5,5,6,ELTE,1,20,2,2,"","HU, Hungary",2020-03-19-14-55,2020-03-19-15-11,16,
s.0ece48c5-24a4-4565-8ee8-f602630f3cd2.txt,GCV6A7,"",2,2,4,3,3,3,3,2,2,3,4,4,4,3,3,4,4,3,3,4,3,4,4,4,4,4,5,4,4,4,ELTE,1,24,4,2,"","HU, Hungary",2020-03-19-17-20,2020-03-19-17-48,28,
s.bec998cf-92d5-4e3d-9f0e-22ced308ec43.txt,JSETEU,"",1,4,5,3,5,2,2,3,3,3,4,5,5,1,3,5,6,1,2,4,6,1,5,6,6,5,5,4,4,5,Eötvös Loránd Tudományegyetem,1,23,4,3,"","HU, Hungary",2020-03-05-17-06,2020-03-05-17-49,43,
s.c04e2962-debe-4075-85bc-dbe459935dc3.txt,CFCPZE,"",2,1,2,2,4,2,3,2,5,1,2,5,5,1,2,6,6,2,2,5,2,5,2,6,6,5,6,6,5,6,Testnevelési Egyetem,1,28,4,4,"","HU, Hungary",2020-03-03-09-53,2020-03-03-10-14,21,
s.7639835e-a95c-4674-9b3b-d4eed9e637a9.txt,RPRE4W,"",1,4,2,4,5,1,1,3,4,2,2,4,4,3,3,3,6,4,3,4,2,6,4,3,3,1,5,5,5,3,ELTE,1,24,2,2,"a végére elfáradt az agyam, nehezebb volt koncentrálni ","HU, Hungary",2020-03-08-15-45,2020-03-08-16-05,20,
s.1bc7d8eb-f9c9-46be-abb5-ab678184a445.txt,N09L7L,"",1,3,3,3,3,1,1,3,3,2,2,5,4,3,2,6,6,1,1,5,6,3,5,6,5,6,4,4,5,4,ELTE,2,22,2,3,"","HU, Hungary",2020-03-07-13-33,2020-03-07-13-56,23,
s.101513f4-6b35-4559-b848-4ecd47719835.txt,XSGLSM,"","","","","","","","","","","","","","","","","","","","","","","","","","","","","","","","","","","","","","HU, Hungary",2020-03-19-15-50,"",""
s.aaaa3f6d-8f8f-4e19-829f-414ef53feda4.txt,BV43N2,"",1,3,2,4,3,3,4,1,2,4,4,4,4,3,4,4,5,2,3,4,5,3,3,5,2,2,5,4,3,3,Eötvös Loránd Tudományegyetem,1,19,4,4,"Az egész teszt végén, ahol már ez nem befolyásolja a válaszaimat szívesen látnám, hogy mennyiből mennyit sikerült jól eltalálnom a tesztben.","HU, Hungary",2020-02-28-22-43,2020-02-28-23-06,23,
s.46594e59-dae9-48a9-9c32-3ab45f801472.txt,X0RMNT,"",2,1,5,2,5,2,2,5,5,1,1,4,5,1,3,5,4,1,2,6,6,3,2,6,4,4,5,4,4,4,Eötvös Loránd Tudományegyetem,1,23,1,3,nincs,"HU, Hungary",2020-03-05-13-37,2020-03-05-13-59,22,
s.46354f5c-6a57-4013-b8c3-05cfd4081d96.txt,ELELGY,"",2,2,3,2,4,2,3,4,4,1,2,5,4,3,3,6,5,2,1,4,3,3,6,5,3,4,5,4,4,6,Eötvös Lóránd Tudományegyetem,1,21,2,3,"","HU, Hungary",2020-03-05-15-13,2020-03-05-15-34,21,
s.e43bb0fd-9dfa-4393-ae1d-6ac5e4938e9f.txt,ZB51M7,"",2,2,4,2,4,3,2,4,5,2,3,5,4,2,2,6,6,2,1,5,5,5,4,6,4,4,5,5,4,4,Testnevelési Egyetem,1,24,4,4,"","HU, Hungary",2020-03-02-09-50,2020-03-02-10-12,22,
s.132810dc-09e2-41b6-be56-9c91d87def12.txt,SEX4R2,"",1,4,3,2,4,4,4,1,4,3,2,4,4,2,3,5,4,3,2,2,1,6,4,4,5,4,6,1,3,2,ELTE,2,22,4,4,"","HU, Hungary",2020-03-09-11-57,2020-03-09-12-19,22,
s.1ff2d13c-6bcf-4960-b09d-a608cc29a255.txt,XNB3ZP,"",1,1,5,1,5,1,1,2,6,1,1,6,6,1,1,6,4,3,1,5,6,3,6,6,6,2,6,5,6,4,Eötvös Loránd Tudományegyetem,1,19,2,4,"","HU, Hungary",2020-03-01-15-00,2020-03-01-15-17,17,
s.9f77d56d-52f2-4a73-ac88-acb8f1d8fae1.txt,AN83SW,"",1,3,3,3,4,2,2,3,3,3,4,4,4,3,3,6,4,2,1,5,4,3,6,6,4,5,6,6,5,5,ELTE,1,25,1,1,"","HU, Hungary",2020-03-08-16-17,2020-03-08-16-36,19,
s.c8107642-ad2f-4484-8cf9-8f6d9c6ebe3a.txt,KUJTN5,"",2,2,4,1,4,2,2,5,2,4,4,3,2,4,5,5,6,2,3,3,6,5,2,5,5,3,4,2,5,3,Testnevelési Egyetem,2,24,3,4,"","HU, Hungary",2020-03-09-13-55,"",""
s.ef48008c-d056-4fa6-b8a7-f604e5d5f0d6.txt,X4DRAU,"","","","","","","","","","","","","","","","","","","","","","","","","","","","","","","","","","","","","","HU, Hungary",2020-03-20-18-16,"",""
s.e09126e5-be64-4fbe-940a-a991276c4f7f.txt,XCEPB0,"",1,2,5,2,5,2,1,3,4,3,3,5,4,2,2,3,4,3,2,4,3,4,4,5,3,3,4,5,4,4,Eötvös Loránd Tudomány Egyetem Bárczi Gusztáv Gyógypedagógiai Kar,1,19,4,4,"","HU, Hungary",2020-03-22-20-05,2020-03-22-20-24,19,
s.fb4c52e7-7217-41fe-be4f-953b0a1397d3.txt,JB33L1,"",1,4,2,5,5,3,4,3,2,2,4,5,3,3,3,4,5,2,3,3,1,6,2,3,2,4,4,3,2,5,Eötvös Loránd Tudományegyetem,1,23,2,3,"","HU, Hungary",2020-03-20-14-04,2020-03-20-14-29,25,
s.25d3b9f0-364d-42e0-8ee1-4c85aaa6f92e.txt,JQ0OF0,"",1,4,5,4,4,4,5,2,4,2,4,4,4,2,2,5,5,3,1,5,5,3,5,5,5,1,5,4,4,3,ELTE,1,19,4,2,"","HU, Hungary",2020-02-29-19-56,2020-02-29-20-17,21,
s.2c612db5-f9ce-4955-a6a1-efbc7f9c418d.txt,q7qj0q,"",1,3,4,2,4,2,2,3,4,2,5,4,4,2,2,4,4,2,3,2,1,4,5,4,2,4,4,5,5,4,ELTE,1,22,2,2,"","HU, Hungary",2020-03-05-17-56,2020-03-05-18-15,19,
s.641b0bed-68e4-41ce-a91f-b4c756f4717b.txt,CKTDI9,"",2,3,4,3,4,2,2,4,4,2,4,4,4,3,3,5,4,2,2,3,1,4,3,3,4,3,4,4,4,4,Eötvös Loránd Tudományegyetem,1,19,1,4,"","HU, Hungary",2020-03-10-12-29,2020-03-10-12-52,23,
s.688d26d8-c524-49ba-8a9c-7014f0e2c0f4.txt,MA5P8X,"",1,5,4,5,5,3,3,4,5,3,6,5,5,4,2,5,5,1,2,4,5,4,5,5,3,1,5,4,4,5,ELTE BTK,1,19,4,4,"","HU, Hungary",2020-03-19-19-16,2020-03-19-19-41,25,
s.988fa8da-3490-4dc3-ba37-e1bf6558c6c6.txt,H6GDJE,"",1,2,4,2,5,2,2,2,3,4,4,4,4,2,3,4,4,3,3,4,5,6,6,5,3,3,5,2,5,3,ELTE,1,20,4,4,"","HU, Hungary",2020-03-01-14-37,2020-03-01-14-53,16,
s.79c003e8-64cf-4529-b27d-efc1331f33a4.txt,E9FQPT,"",2,2,3,2,3,2,3,3,4,3,2,4,4,4,4,5,5,2,2,5,3,5,5,4,4,4,4,5,4,4,ELTE-PPK,2,23,2,4,minden OK!,"SK, Slovakia",2020-03-08-11-00,2020-03-08-11-18,18,
s.02d9c839-c3e6-47d5-9288-e6a075aea9fd.txt,"","","","","","","","","","","","","","","","","","","","","","","","","","","","","","","","","","","","","","",IP Address not found,2020-03-22-08-25,"",""
s.e0e23d0e-48e1-4e48-ad25-9e6f7325e287.txt,ES92MN,"",1,5,5,5,4,1,2,1,4,3,5,5,5,2,5,3,3,2,3,3,5,6,2,3,1,1,3,3,4,6,Eötvös Lóránd Tudományegyetem,1,19,4,4,"","HU, Hungary",2020-03-08-09-06,2020-03-08-09-28,22,
s.46b17661-b597-4094-8f17-33b57e5ae31f.txt,wn4th8,"",1,2,3,1,5,1,1,3,4,2,3,4,4,4,3,4,5,1,2,5,2,5,5,5,6,4,6,4,3,5,ELTE,2,20,4,4,Túl sok gyakorló feladat szerintem,"HU, Hungary",2020-02-28-20-38,2020-02-28-21-00,22,
s.ef498cd2-9cc9-4f17-9f7c-e2c33d42d78c.txt,F7CW9L,"",1,2,5,2,4,4,4,3,4,3,3,4,4,3,3,5,6,6,3,5,6,4,6,6,3,4,4,3,6,5,ELTE,1,24,2,2,"","SK, Slovakia",2020-03-19-14-50,2020-03-19-15-12,22,
s.693f4fba-cd86-48b4-b5cd-dea4b44e0c4f.txt,MLYCZ5,"",1,3,3,3,3,2,3,2,4,3,2,3,4,3,3,3,3,3,3,3,2,3,1,3,4,1,1,3,3,5,testnevelési egyetem ,1,20,3,4,"","HU, Hungary",2020-03-10-12-21,2020-03-10-12-47,26,
s.6b7a29b5-ffbb-4b28-81e2-6061954b960a.txt,XXKFSR,"",1,5,4,3,5,2,2,2,3,2,3,4,4,2,3,4,4,3,2,6,6,4,4,6,3,3,4,3,4,4,ELTE,1,19,3,4,"","HU, Hungary",2020-03-20-23-00,2020-03-20-23-31,31,
s.07264673-b11e-4a5f-a6c5-4840793ca160.txt,QXOSE5,"",2,3,3,3,3,3,3,3,5,2,2,4,4,3,3,6,5,1,1,4,4,3,4,5,5,4,6,4,5,6,Eötvös Loránd Tudományegyetem,1,21,4,4,"","HU, Hungary",2020-03-19-19-04,2020-03-19-19-29,25,
s.321d270e-2035-4193-8322-f041d956a8b7.txt,RPRE4W,"",1,5,3,2,5,1,1,3,4,2,2,4,4,2,3,4,5,4,4,4,2,6,4,4,4,1,5,5,5,4,ELTE,1,24,2,2,"","HU, Hungary",2020-03-08-16-05,2020-03-08-16-19,14,
s.7f4f95ec-1022-4344-af94-d446372a8117.txt,"","","","","","","","","","","","","","","","","","","","","","","","","","","","","","","","","","","","","","","HU, Hungary",2020-03-05-16-26,"",""
s.6f9c5dce-2083-4936-bf50-f1c73fdda29d.txt,QHUL1S,"","","","","","","","","","","","","","","","","","","","","","","","","","","","","","","","","","","","","","HU, Hungary",2020-03-19-19-17,"",""
s.28301e5f-5adc-4396-9565-ecc4b1ff5d81.txt,AKOCSZ,"","","","","","","","","","","","","","","","","","","","","","","","","","","","","","","","","","","","","","HU, Hungary",2020-02-29-13-43,"",""
s.a95ef303-b83d-4757-ba9a-6155744af070.txt,GISYSC,"",1,1,5,3,4,4,4,2,3,3,3,4,4,4,3,3,5,4,3,4,6,3,6,5,6,5,5,6,4,5,ELTE-BGGYK,1,25,4,3,"","HU, Hungary",2020-03-22-21-09,2020-03-22-21-30,21,
s.5609ac18-333f-4159-89c8-ab0b0d93bed4.txt,EADSYT,"",1,3,5,3,5,3,3,2,4,3,2,6,4,2,3,5,5,3,2,5,6,4,5,6,4,4,4,5,6,6,ELTE-PPK,1,26,2,2,"","HU, Hungary",2020-03-02-11-07,2020-03-02-11-29,22,
s.4676adb1-382e-4c91-8ba2-112c2c18d98f.txt,F6KNWA,"",1,3,5,2,5,5,5,2,3,1,2,5,6,1,1,6,5,1,1,2,5,6,5,4,4,4,4,6,5,6,Testnevelési Egyetem,1,20,2,4,"","HU, Hungary",2020-03-10-11-55,2020-03-10-12-18,23,
s.121f3634-5d02-4c7f-af89-462319c9a137.txt,P6BV8R,"",1,2,3,2,4,2,2,2,3,4,4,3,3,5,4,4,3,4,4,4,1,4,5,5,2,1,5,5,5,6,ELTE,1,20,2,2,"","HU, Hungary",2020-03-20-13-41,2020-03-20-13-54,13,
s.ab7f8d5a-c24e-4463-8e2a-0a1b63528dbb.txt,hw5fot,"",2,2,5,3,5,1,1,4,6,1,2,6,5,2,1,5,6,1,1,4,5,3,4,5,5,4,4,5,4,4,TE,2,36,4,4,"","HU, Hungary",2020-04-08-10-33,2020-04-08-10-59,26,
s.cde0ca74-cfb1-484a-adf6-8589195f52b1.txt,Q69VN2,"",1,4,4,1,4,3,3,3,3,3,3,4,4,3,3,4,4,3,3,4,3,3,3,4,3,3,4,3,3,4,ELTE,2,25,4,4,"","HU, Hungary",2020-03-20-10-08,2020-03-20-17-22,434,
s.be5c772e-30de-43b0-8b9a-81d18db78768.txt,emu8c8,"",2,2,4,2,3,3,2,2,4,3,4,4,3,4,4,6,6,3,1,5,4,6,6,5,2,3,5,5,5,5,EKTE PPK,1,37,2,3,"","HU, Hungary",2020-03-01-15-05,2020-03-01-16-20,75,
s.f639e985-b769-4566-8475-7593690d8629.txt,ORJDDX,"",2,2,2,3,4,2,2,3,4,2,2,4,4,2,2,5,5,2,1,5,6,4,4,5,6,5,5,5,5,5,Testnevelési Egyetem,2,22,4,4,"","HU, Hungary",2020-03-02-15-42,2020-03-02-16-03,21,
s.8c78de03-a4d0-466b-9656-183942000737.txt,GBDNZ6,"",1,2,4,2,4,3,3,2,2,5,4,3,2,4,5,5,5,3,2,4,4,4,5,5,5,3,6,5,5,5,Eötvös Loránd Tudományegyetem,2,21,2,1,"","HU, Hungary",2020-03-19-15-53,2020-03-19-16-13,20,
s.76c172eb-189b-4234-933d-2c64c1f7e13a.txt,X5K5CJ,"",2,3,4,3,4,2,3,3,5,2,5,5,4,2,2,4,4,1,2,3,5,3,4,3,5,3,4,4,5,5,Testnevelési Egyetem,2,40,1,2,"","HU, Hungary",2020-03-06-12-39,2020-03-06-13-06,27,
s.f6e6253d-bfa3-4fc8-94b8-34adec37e909.txt,CB2LT9,"",1,3,1,3,4,1,1,4,5,4,3,4,2,3,4,4,4,2,3,4,5,4,3,5,2,1,5,3,4,2,Eötvös Loránd Tudományegyetem,1,23,4,4,"","HU, Hungary",2020-03-21-19-41,"",""
s.1c805c42-f503-49b3-9dd0-605b0ef1c4df.txt,BE24TN,"",1,3,4,3,4,3,3,3,4,4,3,4,3,4,4,4,6,3,3,4,4,4,4,4,3,3,4,4,4,4,ELTE,1,27,4,4,"","HU, Hungary",2020-03-19-17-23,2020-03-19-17-49,26,
s.fd7cedee-b0cc-4637-b597-98f8fe606204.txt,O6K2X4,"",1,2,4,3,5,2,2,2,3,4,4,4,3,5,4,3,4,2,3,5,6,3,4,5,5,2,4,5,5,5,Eötvös Loránd Tudományegyetem,1,19,3,3,"","HU, Hungary",2020-03-19-16-41,2020-03-19-17-00,19,
s.3250ec40-a364-4425-a5d4-2610f2f5e8d5.txt,ROOBH5,"",1,4,5,4,5,3,3,5,4,3,4,5,4,2,2,3,4,3,3,3,3,3,3,4,4,3,3,2,3,4,Eötvös Loránd Tudományegyetem,1,19,3,2,"","HU, Hungary",2020-03-05-15-10,2020-03-05-15-27,17,
s.5736621c-9ada-40c5-ae79-a262d4317697.txt,KV8VDO,"",2,2,4,2,5,1,1,4,4,2,2,6,5,1,2,5,5,2,2,5,3,4,3,4,5,2,5,5,4,5,Testnevelési Egyetem,2,23,2,4,"","HU, Hungary",2020-04-08-11-36,2020-04-08-11-57,21,
s.0435beb8-9d6d-47b0-b41d-284c1cb916db.txt,IT8DOO,"",1,2,4,2,3,2,3,1,3,3,4,3,4,3,3,5,4,2,2,4,4,2,4,4,4,2,4,3,3,3,Eötvös Loránd Tudományegyetem,1,22,4,4,"","HU, Hungary",2020-03-19-15-45,2020-03-19-16-04,19,
s.f454470a-1b02-4019-b09b-bac606718f40.txt,GSUDUY,"",1,3,4,4,3,1,1,3,4,1,3,4,4,3,3,3,5,2,3,4,5,4,4,4,1,4,6,5,4,4,Testnevelési Egyetem,1,27,2,2,-,"HU, Hungary",2020-03-03-21-23,2020-03-03-21-49,26,
s.7b94019e-d663-4ee9-89f9-ecdac72106b7.txt,SMPU12,"",2,3,3,3,4,2,3,3,4,4,3,4,4,3,2,5,5,2,4,4,5,4,4,5,3,6,4,4,4,2,Testnevelési Egyetem,1,23,4,4,"","HU, Hungary",2020-03-10-11-25,2020-03-10-11-53,28,
s.d3e81836-7705-4ba5-9d3d-4336f9d0f44d.txt,YF1XDU,"",2,2,4,2,4,1,2,3,3,2,2,5,4,2,2,5,5,3,2,5,6,4,4,6,5,5,5,2,5,5,ELTE,1,20,4,4,"","HU, Hungary",2020-02-28-21-19,2020-02-28-21-33,14,
s.6538b1fb-e35a-4485-99e9-a39d7a51178e.txt,X2HLP1,"",2,4,2,3,4,3,3,2,2,4,4,2,4,5,4,5,4,3,3,4,5,5,3,5,4,3,4,4,4,4,Eötvös Loránd Tudományegyetem,1,21,2,3,"","HU, Hungary",2020-03-05-15-06,2020-03-05-15-27,21,
s.b6a37af1-1386-47bf-885a-432c6e47e3e8.txt,U0MBDH,"",2,1,5,1,5,1,1,4,4,1,1,6,5,1,1,4,4,3,2,5,5,4,6,6,5,5,4,4,4,3,ELTE-BTK,2,23,2,4,"","HU, Hungary",2020-03-19-20-39,2020-03-19-20-59,20,
s.662b35d0-cd59-40a2-bb34-01a54fafd04e.txt,"","","","","","","","","","","","","","","","","","","","","","","","","","","","","","","","","","","","","","","HU, Hungary",2020-03-16-20-48,"",""
s.c7636f87-7ae2-4eab-adb6-2fc503da79ee.txt,o1xw8u,"",2,4,5,3,5,2,1,5,6,1,1,6,6,1,1,6,6,1,1,6,6,6,6,6,2,3,5,6,5,6,ELTE TTK,1,20,2,4,"","HU, Hungary",2020-03-01-18-53,2020-03-01-19-12,19,
s.db6599f8-4195-45b2-9d40-ed188daa01e6.txt,E08WVE,"",1,3,3,3,3,2,2,1,2,4,3,4,2,4,4,3,2,4,2,3,2,5,4,4,3,6,5,3,5,3,ELTE,1,21,4,4,"","HU, Hungary",2020-03-06-17-24,2020-03-06-17-49,25,
s.ebfc00bc-ca04-40fd-9b20-4433f36eb71b.txt,EO318S,"",1,3,4,3,4,2,2,2,3,3,2,5,5,2,4,4,6,4,2,3,5,4,3,4,4,5,5,5,5,5,Eötvös Lóránd Tudomány Egyetem,1,20,4,4,"","HU, Hungary",2020-03-07-13-00,2020-03-07-13-18,18,
s.db5a4e85-014c-4c07-b6a7-40f1fee50f9c.txt,B8X1X0,"",2,1,5,1,5,2,1,2,5,3,2,6,6,1,2,5,5,2,2,5,5,5,5,5,4,2,5,2,3,5,Testnevelési Egyetem (TF),2,20,4,4,"","HU, Hungary",2020-03-09-13-55,2020-03-09-14-17,22,
s.e501e4dc-9e5f-4d29-bef2-252e48024384.txt,QAN4TO,"",2,2,5,1,5,1,1,5,6,1,1,6,6,1,1,6,6,1,1,6,6,5,5,6,6,6,4,6,5,5,ELTE,2,24,4,4,"","HU, Hungary",2020-03-20-12-45,2020-03-20-13-03,18,
s.2f38637e-7d82-4a59-b52a-92dba0359f32.txt,elx4t8,"",2,3,5,3,5,2,1,2,5,2,3,4,3,3,5,5,5,1,2,4,6,5,5,5,5,5,5,4,5,5,Testnevelési Egyetem,2,26,4,4,"","HU, Hungary",2020-03-26-14-28,2020-03-26-14-47,19,
s.d90855f2-2429-4f5b-8305-809d625d5c06.txt,WHDMN4,"",1,4,1,1,3,1,1,2,5,2,1,5,5,1,2,6,6,1,1,5,6,6,6,6,4,3,6,6,6,6,Testnevelési Egyetem,2,23,4,4,"","HU, Hungary",2020-03-07-11-10,2020-03-07-11-27,17,
s.bc421a54-0eb3-4c26-8052-f318ff733821.txt,RY1XM6,"",1,3,2,3,4,3,3,3,4,3,4,4,2,3,3,5,4,2,2,5,4,4,5,5,2,2,5,5,5,4,Eötvös Lóránd Tudományegyetem ,1,21,3,3,"","HU, Hungary",2020-02-28-22-42,2020-02-28-23-01,19,
s.76453f8d-ac86-48a1-a982-0029708ca257.txt,DFWPD4,"",2,1,4,1,5,2,2,4,4,2,1,4,6,3,2,6,6,3,1,5,4,6,6,5,2,2,5,4,6,4,ELTE PPK,2,19,4,4,"","HU, Hungary",2020-03-19-14-40,2020-03-19-14-57,17,
s.b0b95863-f15b-4547-b8c3-2ff7c0d5a9c6.txt,ZO3342,"",2,3,2,2,1,1,2,4,5,1,3,4,5,1,2,6,6,2,1,6,6,4,4,6,5,5,5,6,4,5,Testnevelési Egyetem,1,40,2,3,"","HU, Hungary",2020-03-02-15-54,2020-03-02-16-28,34,
s.faac0eca-ad2a-4561-93ef-cccd3fe28a07.txt,bg12t9,"",1,2,2,2,4,3,4,2,3,1,3,4,4,3,3,6,4,3,1,4,5,4,4,4,4,2,4,4,4,6,Testnevelési Egyetem,2,29,4,4,"","HU, Hungary",2020-03-03-09-40,2020-03-03-10-02,22,
s.b933997d-9891-42e7-a87f-3f6b2afe6125.txt,a57k1a,"",1,2,5,2,5,4,4,3,4,3,4,4,4,3,3,4,4,3,3,4,6,4,4,4,4,4,4,4,4,5,ELTE,2,24,4,4,"","HU, Hungary",2020-03-01-14-47,2020-03-01-15-05,18,
s.83482a1b-0eb0-4ac5-86cf-f96653f7bcb1.txt,X0O4G1,"",1,2,4,2,5,1,2,4,5,1,2,6,5,2,2,5,5,2,3,5,5,5,5,6,5,6,5,5,5,6,ELTE,2,19,4,4,"Nagyon érdekes volt látni, hogyan működők egy ilyen szituban","HU, Hungary",2020-03-20-02-32,2020-03-20-02-51,19,
s.cc30a54e-30f6-4645-96fa-469789721051.txt,VMS8NG,"",1,4,2,4,2,3,3,1,2,5,4,2,2,4,4,2,3,4,4,3,1,3,3,3,2,2,4,2,3,3,ELTE,1,20,3,3,"","HU, Hungary",2020-02-28-21-49,2020-02-28-22-08,19,
s.08a0594f-6e20-4c07-b661-b5dce4f72289.txt,GLBTRY,"",2,2,5,1,5,2,2,4,5,2,2,6,5,2,2,6,6,2,2,5,6,5,5,5,5,5,5,5,5,6,ELTE,1,23,2,3,"","HU, Hungary",2020-03-01-14-03,2020-03-01-14-17,14,
s.2cf20b7e-dd70-4d17-8b10-336bddaf53b7.txt,X4DRAU,"","","","","","","","","","","","","","","","","","","","","","","","","","","","","","","","","","","","","","HU, Hungary",2020-03-20-18-17,"",""
s.91da5315-48dc-4304-a1cc-3b7b0830ec04.txt,GT5B2W,"",1,3,5,2,4,2,2,2,5,3,5,4,4,1,2,4,4,2,3,4,4,4,4,4,4,4,5,4,4,5,ELTE TTK,1,21,2,2,"","HU, Hungary",2020-03-05-14-51,2020-03-05-15-44,53,
s.1aa39a67-8c13-4dbe-8e74-2d1506f929dd.txt,ORVYBL,"",2,2,5,2,5,5,5,4,5,2,2,5,4,3,1,5,5,2,1,5,4,5,5,5,5,3,5,6,5,6,Eötvös Loránd Tudományegyetem,1,22,4,4,"","HU, Hungary",2020-03-19-14-48,2020-03-19-15-14,26,
s.72ddab10-7be7-43cf-92da-3bcd96907315.txt,Y4323Q,"",1,4,2,3,5,1,2,4,5,2,2,4,4,3,3,5,4,5,2,2,2,3,3,3,4,4,4,3,6,4,ELTE,2,21,3,3,Elfáradtam a végére,"HU, Hungary",2020-03-20-01-33,2020-03-20-01-55,22,
s.190553e7-3639-4332-a9f4-48c83f70a8de.txt,KQWKG1,"",1,4,3,1,4,1,1,2,3,2,3,4,4,2,3,5,4,1,1,4,1,2,4,5,3,1,4,4,5,3,Eötvös Loránd Tudományegyetem,1,20,4,2,"","HU, Hungary",2020-03-20-10-09,2020-03-20-10-47,38,
s.64dd64f7-fdd2-4564-8a6e-aa92d79c0892.txt,XSGLSM,"",2,3,4,2,5,3,3,3,4,3,2,5,4,3,3,5,5,3,2,4,5,4,4,6,4,3,4,5,5,4,ELTE,1,20,4,4,"","HU, Hungary",2020-03-19-17-16,2020-03-19-17-33,17,
s.8ad4dfe1-5a3c-455f-a97c-8e619492a01f.txt,PWHO53,"",1,3,4,2,4,1,1,5,4,3,2,4,5,2,2,6,5,1,1,5,6,5,6,6,4,4,4,3,6,5,Eötvös Loránd Tudományegyetem,1,19,4,4,"","HU, Hungary",2020-03-19-18-27,2020-03-19-18-51,24,
s.c037d46b-c3d6-47df-a4d1-4d03d0a5329d.txt,WAJUAX,"",1,4,3,4,2,4,4,3,3,2,4,4,3,4,4,5,4,1,2,4,2,2,4,3,5,2,5,5,4,5,ELTE - PPK,1,28,2,4,"","HU, Hungary",2020-02-28-21-01,2020-02-28-21-21,20,
s.12248a1c-5cf8-4cb4-8fe0-7914be198893.txt,f2qxn8,"",2,1,5,1,5,1,2,4,4,1,3,5,4,2,2,5,5,2,2,4,5,4,4,5,4,4,5,5,4,4,TF,2,36,4,4,"","HU, Hungary",2020-03-09-08-00,2020-03-09-08-18,18,
s.fc5ca8e2-0902-4fc2-82e4-e3e3964a3c7f.txt,JF9SS9,"",1,4,2,4,2,4,5,2,2,5,5,3,1,4,5,4,5,4,2,3,6,3,5,6,3,2,5,5,3,2,ELTE,2,21,2,2,"","RO, Romania",2020-03-19-14-54,2020-03-19-15-20,26,
s.d04ff7ea-e4d2-4c86-9ce5-95888d637b43.txt,GX5DJY,"",2,3,4,4,3,1,2,2,4,3,3,4,4,4,3,4,4,3,2,4,5,4,4,4,3,3,4,4,4,4,ELTE,1,29,2,2,-,"HU, Hungary",2020-03-16-19-52,2020-03-16-20-10,18,
s.47d8e089-7295-48a4-89b5-bcd96d5b99ea.txt,XD72CR,"",1,4,4,4,5,3,3,1,3,3,3,6,4,3,2,5,5,2,2,6,6,4,6,6,1,2,5,6,5,6,Eötvös Loránd Tudományegyetem,1,21,1,3,"","HU, Hungary",2020-03-05-14-44,2020-03-05-15-04,20,
s.6040a9c6-8003-4ce6-af35-928a9fd3e7c6.txt,próba,"",1,1,1,1,1,6,6,6,6,6,6,6,5,6,6,6,6,6,6,6,6,6,6,6,6,6,6,6,6,6,próba,4,46,4,4,próba,"HU, Hungary",2020-02-28-10-56,2020-02-28-11-12,16,
s.d95e4d20-0649-4ab5-a4c7-34f3194154bd.txt,ZXK7NO,"",1,4,5,2,3,2,2,2,4,2,2,4,4,2,3,5,4,2,2,3,4,1,2,4,3,2,6,4,3,5,Eötvös Lóránd Tudományegyetem,1,20,2,2,"","HU, Hungary",2020-02-29-09-24,2020-02-29-09-43,19,
s.f9110919-0ef9-4bd1-b2a2-033effd61718.txt,KHK3HH,"",1,2,5,2,5,2,2,2,3,1,1,6,4,1,2,5,5,2,1,5,6,3,5,5,4,4,6,4,5,5,ELTE,1,24,4,3,"","HU, Hungary",2020-03-20-17-00,2020-03-20-17-24,24,
s.f93566cb-f4ae-4adf-933c-8854495e817e.txt,BC3W8W,"",1,1,4,3,4,2,2,3,4,2,2,4,4,2,2,4,4,3,2,4,2,4,2,4,3,2,4,2,3,4,"ELTE, PPK",1,21,2,3,"","SK, Slovakia",2020-03-06-09-41,2020-03-06-10-01,20,
s.0077a838-afd1-4f54-bb24-2371d6067569.txt,VUB8VD,"",1,4,3,4,3,2,2,3,3,3,4,5,4,3,3,5,5,2,3,4,4,5,5,5,3,3,5,3,4,3,Eötvös Loránd Tudományegyetem,1,21,4,3,"","HU, Hungary",2020-03-05-16-07,2020-03-05-16-23,16,
s.851cd51d-0ade-4bb0-a600-3c037c7cae56.txt,APF4I1,"",2,2,4,1,5,3,3,2,4,3,3,6,5,3,2,5,6,1,2,4,6,5,4,5,5,3,4,3,4,5,Eötvös Loránd Tudományegyetem,1,21,2,4,"számomra nagyon élvezetes volt, szívesen vennék részt hasonló kísérletekben a jövőben","HU, Hungary",2020-03-21-20-42,2020-03-21-21-06,24,
s.4f69cea0-7da5-41a1-ad89-4dab76128177.txt,JCQU0G,"",2,2,5,2,5,1,1,3,5,2,3,4,4,1,2,5,5,2,2,4,6,5,4,6,5,5,6,2,6,4,Eötvös Loránd Tudományegyetem - Budapest,1,27,2,4,Nincs semmilyen észrevételem a feladattal kapcsolatban,"HU, Hungary",2020-03-22-21-44,2020-03-22-22-09,25,
s.4775f84a-80aa-43f2-a8aa-a43fc7bf3abc.txt,DLRVVP,"","","","","","","","","","","","","","","","","","","","","","","","","","","","","","","","","","","","","","HU, Hungary",2020-04-08-00-06,"",""
s.42a9ee52-a14b-4362-8a45-5977d97e3406.txt,"","","","","","","","","","","","","","","","","","","","","","","","","","","","","","","","","","","","","","","HU, Hungary",2020-03-19-21-47,"",""
s.cbe70097-40a1-4b8d-ae6d-0ac742cdfec3.txt,LDNXB3,"",1,2,5,3,5,2,2,5,6,1,2,6,5,3,2,5,5,2,2,4,6,6,5,5,4,4,5,5,5,5,ELTE,1,23,2,4,"","HU, Hungary",2020-03-10-16-11,2020-03-10-16-27,16,
s.32ebbe15-0ab5-4cfa-bd66-c5555070c752.txt,B2BLQJ,"",2,3,3,3,3,3,2,3,2,2,3,4,1,2,4,3,5,3,3,3,4,3,2,3,2,3,4,3,4,2,Elte Tanító-és Óvóképző kar,1,20,3,4,"","HU, Hungary",2020-03-21-11-35,2020-03-21-11-55,20,
s.96fc5165-442d-492c-8d0a-a85906810cb4.txt,"","",2,1,1,1,1,6,6,6,6,6,6,6,6,6,5,6,6,6,6,6,6,6,6,6,6,6,6,6,6,6,"",4,22,4,4,"","HU, Hungary",2020-03-21-18-58,2020-03-21-19-06,8,
s.9659e257-3cea-40a9-8408-d7ca1060b8c5.txt,ST2B7O,"",2,2,5,4,5,1,2,2,6,1,1,5,5,1,1,5,6,1,1,5,5,3,4,5,5,4,5,6,6,6,Testnevelési Egyetem,1,42,2,4,"","HU, Hungary",2020-02-29-20-21,2020-02-29-20-44,23,
s.d73978d7-c872-4a9b-a8ac-11ac47a23a40.txt,YTWROQ,"",1,4,5,1,5,3,3,3,2,1,3,5,5,1,4,4,6,2,4,4,6,2,4,6,2,1,5,4,3,4,Eötvös Lóránd Tudományegyetem,1,22,2,4,"","HU, Hungary",2020-03-05-17-23,2020-03-05-17-48,25,
s.ae903b2f-2fdd-47fd-b7e6-e1e355a35f55.txt,YSPO7V,"",2,3,4,3,4,4,4,4,4,4,3,4,4,3,4,5,5,3,3,5,5,5,4,5,4,4,5,5,5,4,ELTE,1,24,1,1,"","HU, Hungary",2020-03-22-08-52,2020-03-22-09-12,20,
s.f6147e38-def1-4823-bc90-e036387d803f.txt,DJ3N71,"",2,1,4,2,4,1,2,2,2,3,4,4,3,2,4,4,5,2,2,5,2,4,5,5,5,5,5,5,6,5,Testnevelési Egyetem,1,24,4,4,"","HU, Hungary",2020-03-19-10-15,2020-03-19-10-38,23,
s.5d82b415-08d7-4c6e-8917-72f6a79c35e6.txt,N6TWIV,"",2,2,4,2,4,2,2,4,4,2,3,4,4,3,3,5,4,2,3,4,3,3,4,4,4,2,5,3,3,4,Eötvös Loránd Tudományegyetem,1,24,4,4,"","HU, Hungary",2020-03-21-11-13,2020-03-21-11-38,25,
s.8726016a-4fe2-4272-bec5-0abfe73e81a1.txt,EF0EJM,"",1,2,3,2,3,1,2,3,4,3,2,3,4,3,2,4,5,3,2,4,2,4,5,6,4,2,5,5,4,5,Testnevelési Egyetem,1,27,2,4,"","HU, Hungary",2020-04-08-09-28,2020-04-08-09-47,19,
s.a09b098f-61f5-451f-b746-ef00ee0b5f9e.txt,PUX0LV,"",2,4,2,3,4,1,1,2,3,4,4,3,3,4,4,3,4,3,3,5,3,5,5,4,4,5,5,5,4,4,Eötvös Lóránd Tudományegyetem,2,20,3,2,"","HU, Hungary",2020-03-02-09-04,2020-03-02-09-23,19,
s.20a4f19a-b5e4-4602-8c3e-8055f06f6ad7.txt,WIRW0P,"",1,5,3,3,4,3,3,3,3,4,3,4,4,4,4,4,4,3,3,3,3,4,4,5,2,1,4,5,4,5,ELTE,1,21,4,4,"SZUPER VOLT! a végére kifolyt a szemem, de jó volt","HU, Hungary",2020-03-20-11-17,2020-03-20-11-35,18,
s.587fac3e-a819-4cbf-8b62-1acff0f6a4bb.txt,BX0ILR,"",2,3,5,3,4,4,4,4,5,2,2,5,4,2,3,5,6,2,1,4,4,5,5,5,4,4,4,6,6,6,ELTE,1,24,4,3,"","HU, Hungary",2020-03-01-12-12,2020-03-01-12-29,17,
s.d2ba26f5-55fd-4c38-add1-8b1dfaaa04b8.txt,IVZ1Z6,"",2,4,3,4,3,1,2,2,3,4,4,3,3,4,4,4,4,3,4,4,2,3,2,4,1,1,3,3,4,5,Eötvös Lóránd Tudományegyetem,1,19,2,4,"","HU, Hungary",2020-03-06-21-10,2020-03-06-21-26,16,
s.48ba756c-6b4c-4c59-ba8b-1bf17e1b7417.txt,E1OP0Q,"",1,3,3,3,3,2,4,4,4,4,4,4,4,4,3,4,4,4,4,4,4,4,4,4,4,3,4,3,4,4,ELTE,1,24,4,2,"","HU, Hungary",2020-03-03-21-11,2020-03-03-21-25,14,
s.7883995e-e602-4a2e-ad6d-8d512dec05f9.txt,JFJOZE,"","","","","","","","","","","","","","","","","","","","","","","","","","","","","","","","","","","","","","HU, Hungary",2020-03-25-15-22,"",""
s.88b331c8-a7cb-4d38-af19-099dcf542a5e.txt,I3ZRUL,"",1,4,2,4,3,2,2,3,3,4,5,3,3,4,5,3,3,3,5,2,4,1,5,3,2,1,4,4,5,3,ELTE,1,19,2,2,"","HU, Hungary",2020-03-05-16-59,2020-03-05-17-27,28,
s.b01730d5-afee-46c8-b48e-6965edd792f8.txt,ICVO0O,"",1,1,3,3,3,1,2,4,4,1,4,5,5,5,2,3,5,3,4,3,5,4,2,4,6,4,3,2,4,4,Testnevelési Egyetem,2,23,2,2,"","HU, Hungary",2020-03-10-08-26,2020-03-10-08-51,25,
s.f2f284e9-1aa2-4770-bb24-d0f04ff38623.txt,AZ23FU,"",1,1,5,2,4,1,6,6,3,4,1,4,3,2,5,5,5,3,2,4,4,1,5,5,3,2,4,2,5,2,ELTE,1,19,3,3,"","HU, Hungary",2020-02-29-10-42,2020-02-29-11-04,22,
s.08f7c274-e1c0-4ac1-9750-990ab8df5e10.txt,X4DRAU,"",2,2,4,2,4,2,3,3,4,3,4,4,4,3,3,4,4,3,3,4,3,3,4,5,4,3,4,4,5,4,ELTE TÓK,1,21,3,4,"","HU, Hungary",2020-03-16-20-14,2020-03-16-20-34,20,
s.1d244ac9-7e46-4354-9e52-3f3c22faabd3.txt,UC9WXR,"",1,3,5,4,2,3,3,4,2,3,3,5,3,4,4,4,4,2,2,3,5,4,5,5,2,5,4,4,6,5,ELTE,1,21,4,3,"","HU, Hungary",2020-03-01-22-31,2020-03-01-22-49,18,
s.7b33c2da-528e-4e91-9cb7-27757e5a9ac9.txt,C6GGX3,"",1,4,5,3,4,4,3,4,3,4,2,3,3,5,4,5,5,3,2,6,6,4,5,6,4,1,5,4,3,5,ELTE,2,21,4,4,"hosszú és túl gyorsan villanak fel a szavak, 3 sör után nehéz ","HU, Hungary",2020-03-21-22-43,2020-03-21-23-02,19,
s.08e2fdcf-7276-4204-86ba-2ccbb1c7b666.txt,HBDDN5,"",1,4,4,4,1,1,1,3,3,3,4,5,2,3,3,5,4,1,3,4,6,2,5,6,3,4,4,4,3,3,ELTE,1,24,2,3,"","HU, Hungary",2020-02-28-21-07,2020-02-28-21-27,20,
s.a281e419-6021-4ed8-9de6-4fbccd5d19ac.txt,S24Q2W,"",2,5,3,4,5,2,2,2,2,3,2,5,4,1,1,4,4,2,3,3,1,1,3,6,5,4,6,6,6,6,ELTE,2,23,4,4,Élveztem,"HU, Hungary",2020-03-21-11-28,2020-03-21-11-49,21,
s.0f05dfb5-8a3d-4e77-b97e-5c78a52f2053.txt,H87F38,"",2,2,4,2,4,2,2,3,3,2,3,5,4,2,2,5,5,2,2,5,5,5,3,5,3,2,5,3,3,3,ELTE,1,23,2,3,"","HU, Hungary",2020-03-08-21-07,2020-03-08-21-29,22,
s.15605136-e2bf-4f8d-b13e-740326f43726.txt,DMQD7G,"",1,5,4,5,1,1,2,3,4,3,3,2,1,2,5,5,3,2,4,4,6,4,4,5,4,4,5,3,5,3,TESTNEVELÉSI EGYETEM,1,25,4,3,"","HU, Hungary",2020-04-08-12-01,2020-04-08-12-20,19,
s.b07fdda3-2d47-4ac6-b7bb-26d092db8bb5.txt,JPIWAX,"",2,5,4,5,1,"",1,1,1,6,4,1,1,6,6,5,6,2,2,6,"",6,5,6,3,1,4,4,4,4,"","","","","","","HU, Hungary",2020-03-10-13-14,"",""
s.94c94d1d-ba2b-466a-8db8-3ae5da821b1f.txt,M50AC7,"",1,4,1,2,5,1,1,1,4,2,5,4,4,2,3,2,2,1,5,4,4,3,5,5,3,1,5,6,6,6,ELTE,1,23,2,2,"","HU, Hungary",2020-03-08-17-14,2020-03-08-17-34,20,
s.ed85a2cc-f784-4174-aff2-f42faeac57fe.txt,TTN2LO,"",1,4,2,4,4,2,2,2,2,4,5,3,3,4,4,3,3,3,3,4,3,4,5,4,2,2,3,4,4,2,Eötvös Loránd Tudományegyetem,1,20,4,4,"Nehéz átváltani a pozitív és a negatív szavak között, ha előtte sokáig az adott dologra fókuszáltam.","HU, Hungary",2020-02-28-20-45,2020-02-28-21-01,16,
s.aff1077e-1e9c-4dde-ae9d-e1570bdd66d5.txt,DMKS2I,"",2,2,5,3,5,1,1,4,4,3,3,5,5,3,3,6,6,1,1,6,6,6,5,5,5,5,5,5,6,6,Testnevelési Egyetem,1,24,4,3,"","HU, Hungary",2020-03-03-09-47,2020-03-03-10-20,33,
s.d43ea76a-e5d5-4880-b0a7-44d3bf2f90f1.txt,"","","","","","","","","","","","","","","","","","","","","","","","","","","","","","","","","","","","","","","HU, Hungary",2020-03-02-21-18,"",""
s.a087b696-f2a3-4b61-a1af-90fdb9e6be3d.txt,R7DQH8,"",1,2,4,1,4,1,1,2,4,2,3,5,4,2,2,6,6,1,2,6,4,6,5,6,3,4,5,6,5,6,Eötvös Loránd Tudományegyetem,1,20,2,2,"","HU, Hungary",2020-03-19-18-57,2020-03-20-08-28,811,
s.c78735e2-7011-4b3b-a52c-3dc0082ac157.txt,Z4K346,"","","","","","","","","","","","","","","","","","","","","","","","","","","","","","","","","","","","","","HU, Hungary",2020-03-05-20-42,"",""
s.26a6d4a9-e75b-4a78-8f7e-69d738294cb3.txt,"","","","","","","","","","","","","","","","","","","","","","","","","","","","","","","","","","","","","","","HU, Hungary",2020-03-19-15-24,"",""
s.df6a6bb2-e9f4-4fd1-946c-6159a629aab5.txt,"","","","","","","","","","","","","","","","","","","","","","","","","","","","","","","","","","","","","","","HU, Hungary",2020-03-01-18-41,"",""
s.ee17bdbd-8db8-4e42-a616-380d8f1a5538.txt,ICRFF7,"",1,3,3,3,4,2,2,2,4,2,3,4,4,3,3,4,5,5,2,4,5,4,5,5,3,2,4,2,4,4,ELTE TTK,2,20,3,3,"","HU, Hungary",2020-03-19-14-58,2020-03-19-15-19,21,
s.5c250bb5-4c57-4f0a-ad15-b46197b5e858.txt,NAC920,"",1,3,5,3,5,2,1,5,5,1,2,4,5,3,2,5,4,1,1,4,6,1,2,4,6,4,4,3,5,6,ELTE,1,20,3,4,"","HU, Hungary",2020-03-09-17-24,2020-03-09-17-46,22,
s.32304b11-3b94-4da0-89aa-f9df0909d151.txt,FEHX3X,"",1,2,4,3,3,3,3,4,4,3,3,4,4,4,4,4,4,3,3,4,5,4,4,4,3,3,4,3,4,3,elte,1,23,2,2,"","HU, Hungary",2020-02-28-22-42,2020-02-28-22-59,17,
s.7c75421c-ac9a-4c13-a22a-849095766570.txt,BA0LCY,"",1,3,1,3,4,4,4,3,2,3,3,3,2,3,3,3,3,4,4,2,2,1,2,2,4,4,1,1,1,1,ELTE,2,22,2,4,"","HU, Hungary",2020-03-19-20-13,2020-03-19-22-10,117,
s.cf4196e4-4a8d-4ea5-abc6-3c85a8cb2f79.txt,DI1NMM,"",2,3,5,2,5,4,4,3,3,3,3,4,4,3,3,4,4,3,3,3,5,3,4,4,3,3,4,4,4,3,ELTE,1,18,4,4,"","HU, Hungary",2020-03-05-15-16,2020-03-05-15-42,26,
s.dd510bbe-fac7-4959-887d-5baaad787ebd.txt,HOWW6L,"",1,1,4,3,3,2,2,3,3,4,2,4,3,4,4,4,4,2,3,3,6,4,5,4,3,3,5,3,4,4,Eötvös Loránd Tudományegyetem,2,21,2,4,"","HU, Hungary",2020-03-01-08-36,2020-03-01-08-55,19,
s.e736640e-245d-4745-8c13-3bd1aca1f5f4.txt,DRHKBA,"",1,3,3,3,4,2,2,2,4,3,3,4,3,4,4,4,5,3,2,3,2,1,3,4,1,1,4,5,4,5,ELTE,1,23,4,3,-,"HU, Hungary",2020-03-20-19-22,2020-03-20-19-38,16,
s.28b2cda0-7e10-4c8b-8245-a1673c8c16c0.txt,MHTCAB,"",2,4,3,2,4,2,3,1,3,3,3,4,3,4,4,4,4,2,2,4,6,3,4,4,3,3,5,4,5,3,ELTE,1,23,4,4,"","HU, Hungary",2020-03-21-07-50,2020-03-21-08-12,22,
s.ed28be50-8fbd-4df2-ba6a-84954103ee2c.txt,E8RYHO,"",1,1,4,1,5,1,2,6,6,1,1,4,5,1,4,5,5,1,1,5,6,3,3,5,5,4,5,3,4,6,Testnevelési Egyetem,2,21,2,2,"","HU, Hungary",2020-03-03-14-00,2020-03-03-14-23,23,
s.9356a542-09f2-4e72-a6f2-0510f3b6118f.txt,HX3H8P,"",2,2,4,4,2,5,6,2,4,3,4,2,3,4,4,5,5,3,3,3,5,2,5,4,4,3,5,4,4,4,ELTE,1,19,3,3,"","HU, Hungary",2020-03-05-23-01,2020-03-05-23-24,23,
s.b8ba5e03-2d58-490b-9aee-7694e531e717.txt,GQGBSG,"",1,3,4,3,3,4,4,3,4,1,3,4,4,1,1,4,4,2,3,3,5,2,2,3,6,6,4,3,4,5,Eötvös Loránd Tudományegyetem,2,22,2,2,"","HU, Hungary",2020-03-05-13-43,2020-03-05-14-02,19,
s.b1b0aaa4-1ef2-4330-adfe-eac5ffc954d8.txt,Z4K346,"",1,4,2,4,2,2,2,4,3,2,3,3,4,2,4,4,4,2,3,4,5,2,3,4,3,4,5,5,4,3,ELTE,1,21,2,2,"","HU, Hungary",2020-03-08-22-08,2020-03-08-22-29,21,
s.de1b448a-bcc6-49ce-b7e7-e45103e0c913.txt,RYZDUH,"",1,1,4,3,4,3,3,4,5,3,3,4,4,3,3,6,5,2,2,4,5,4,6,5,4,3,5,3,5,4,ELTE,1,20,4,4,"",IP Address not found,2020-03-22-08-26,2020-03-22-08-45,19,
s.527088c5-56a2-4d2b-8b9e-f8a1e3e8fbdb.txt,F82QGY,"",1,2,5,2,5,4,1,4,5,2,4,6,5,2,3,4,5,1,1,4,1,2,3,4,2,4,4,4,4,2,Eötvös Loránd Tudományegyetem,1,20,4,3,"","HU, Hungary",2020-03-05-15-12,2020-03-05-15-34,22,
s.5f14bfe6-25e9-483d-8c62-52f233d76643.txt,"","","","","","","","","","","","","","","","","","","","","","","","","","","","","","","","","","","","","","","HU, Hungary",2020-03-29-19-45,"",""
s.393c855c-10cf-4e26-8012-c15cd68907cb.txt,BM0VX1,"",1,2,5,2,4,2,2,3,4,2,4,4,4,3,3,4,4,3,2,3,6,5,6,6,3,1,6,3,6,5,ELTE,1,19,4,4,"","HU, Hungary",2020-03-22-15-24,2020-03-22-15-44,20,
s.dc7e550e-b066-46a4-9a84-812a8084e042.txt,CN6OZK,"",2,3,3,2,5,2,5,4,5,2,2,5,4,2,2,4,4,2,2,4,4,6,4,4,3,3,4,4,3,5,ELTE,1,20,4,3,"","HU, Hungary",2020-02-28-20-51,2020-02-28-21-14,23,
s.1ddecee5-6a2c-45c1-8888-5c8566c83ba9.txt,EKZY1C,"",2,1,4,2,4,2,2,3,5,2,2,5,4,2,2,5,5,2,2,5,5,3,4,5,4,4,4,6,5,6,ELTE,1,21,3,4,Nagyon izgalmas volt.,"HU, Hungary",2020-03-07-13-26,2020-03-07-13-44,18,
s.aeb2339e-bf5b-41a1-8922-5e9a58f4fd94.txt,GROPHF,"",1,4,2,4,2,3,3,2,3,4,4,3,3,4,4,4,4,3,3,4,3,3,2,4,3,4,4,3,3,4,ELTE TTK,1,20,2,2,"","HU, Hungary",2020-03-08-10-48,2020-03-08-11-12,24,
s.3404d7a3-eaec-4a02-bfc1-efdefb39ed65.txt,S9H2C1,"",2,2,3,2,4,3,3,3,3,3,5,4,3,3,3,4,4,2,2,4,6,4,5,5,3,3,4,3,4,4,ELTE BTK,1,20,3,4,"","HU, Hungary",2020-03-05-17-52,2020-03-05-18-11,19,
s.eb1398bc-da83-4855-9257-0c92852492eb.txt,UO3DB5,"",2,2,5,2,5,2,2,3,6,2,2,5,5,2,2,6,6,2,1,5,2,5,6,6,3,2,5,6,5,6,TESTNEVELÉSI EGYETEM ,1,36,2,2,nagyon tetszett,"HU, Hungary",2020-03-04-09-55,2020-03-04-10-14,19,
s.7ae82e66-64ac-4c7b-a103-f653c77d88cd.txt,PAKFIR,"",2,4,3,3,4,1,1,4,5,2,2,4,4,1,1,6,4,1,2,4,5,5,5,6,4,4,3,4,4,3,ELTE,1,22,3,3,"","HU, Hungary",2020-02-28-22-08,2020-02-28-22-26,18,
s.fb49450b-362e-40cc-a24b-79711dfb8286.txt,IJEXGC,"",1,3,4,3,4,4,3,3,3,2,2,5,4,3,2,3,3,3,4,2,4,5,1,3,2,5,4,2,3,3,ELTE,1,21,4,4,"","HU, Hungary",2020-03-19-16-18,2020-03-19-16-39,21,
s.3eddab8f-515c-41dd-bccf-879a3fbc6d8c.txt,YQW01H,"",1,2,5,2,5,3,3,3,4,2,2,4,4,2,3,4,4,3,2,4,6,4,3,4,5,4,4,3,5,5,ELTE,2,20,4,4,"","HU, Hungary",2020-03-22-21-58,2020-03-22-22-23,25,
s.1b40e86e-73bb-43a4-882d-691e06a088a2.txt,ILC3NE,"",2,4,2,2,4,3,3,2,3,3,3,3,3,3,4,4,4,2,2,3,3,1,4,3,3,5,4,3,4,4,Eötvös Loránd Tudományegyetem,1,19,4,4,"","HU, Hungary",2020-03-10-22-22,2020-03-10-22-43,21,
s.2afef333-0a88-412f-bcaf-44c219460abd.txt,JPIWAX,"",1,5,4,5,1,2,2,1,1,4,5,1,1,6,6,3,5,2,3,5,1,5,5,5,1,1,5,4,4,3,Testnevelési Egyetem,1,23,2,2,"","HU, Hungary",2020-03-10-13-51,2020-03-10-14-08,17,
s.cf966421-6ee0-4243-b4c3-3fc18fb100c1.txt,F7WUK3,"",2,3,4,3,5,1,2,3,6,3,3,5,4,2,3,5,5,3,2,5,6,5,4,5,4,4,6,4,5,3,Eötwös Lóránd Tudományegyetem,1,20,2,1,"","HU, Hungary",2020-03-07-09-37,2020-03-07-09-54,17,
s.6c4741cf-83e9-4941-b959-728d059f8a37.txt,JFJOZE,"",2,3,4,3,5,3,2,2,5,1,2,5,5,5,4,5,5,3,1,5,4,3,6,6,4,2,4,4,4,6,ELTE,1,20,2,4,"","HU, Hungary",2020-03-20-12-40,2020-03-20-12-57,17,
s.df8992bf-4c7e-4b2c-aa35-9c7b4ea70569.txt,VEZYKY,"",1,4,2,3,2,3,3,3,3,2,4,3,3,2,4,3,3,3,4,3,4,3,3,3,4,3,4,3,4,4,ELTE Tanító-és óvóképző kar,1,21,3,2,"könnyebb feladatnak tűnt, mint ahogy teljesítettem.","HU, Hungary",2020-03-20-12-09,2020-03-20-12-35,26,
s.e2dafc6e-f634-4f2c-8dcd-a2e1cd406715.txt,I19QAH,"",1,3,4,4,4,4,3,3,3,4,4,3,3,4,4,4,4,2,3,3,4,2,3,4,4,3,5,4,4,4,Eötvös Loránd Tudományegyetem,1,22,3,1,"","HU, Hungary",2020-03-21-12-51,2020-03-21-13-09,18,
s.3275f862-ce56-4438-b1a7-b82b11190cff.txt,RIV6K1,"",1,3,3,4,2,2,3,3,4,3,3,4,3,3,3,3,4,3,3,3,1,2,4,4,3,3,6,3,4,4,ELTE,1,24,2,4,"","HU, Hungary",2020-03-19-15-25,2020-03-19-15-45,20,
s.af9d273f-d2ae-4641-8e8c-0543b2c84729.txt,QMDV9N,"",1,3,4,3,4,2,3,2,4,2,3,4,4,3,4,4,5,2,2,4,5,3,4,4,3,5,5,3,5,4,ELTE,1,21,2,2,"","HU, Hungary",2020-03-19-17-45,2020-03-19-18-05,20,
s.d05c196c-9c77-4cfa-979b-dafad07a323f.txt,ZEOORV,"",2,2,5,3,5,2,2,3,5,1,1,5,5,2,2,5,5,2,2,5,4,4,4,5,4,3,4,5,6,5,Testnevelési Egyetem,1,52,1,1,"","HU, Hungary",2020-03-15-19-06,2020-03-15-20-00,54,
s.b3fd315b-0a78-4eb4-aff8-e0d2334e019f.txt,"","","","","","","","","","","","","","","","","","","","","","","","","","","","","","","","","","","","","","","HU, Hungary",2020-03-31-17-27,"",""
s.34cd9552-b798-4bc1-bf79-b7a7a09ab8f1.txt,U0US94,"",1,5,5,3,4,4,1,4,6,1,4,4,4,1,1,4,5,3,1,3,1,1,5,2,5,2,3,6,3,6,Eötvös Lóránd Tudományegyetem,2,20,4,4,kifolyik a szemem,"HU, Hungary",2020-02-28-20-46,2020-02-28-21-21,35,
s.be923f36-fdb8-45f5-a9ad-bef454558ac8.txt,I8FAJU,"",2,2,4,2,4,2,3,2,3,2,3,4,4,2,2,5,4,2,3,5,2,4,4,4,5,4,5,5,4,6,Testnevelési Egyetem,1,19,4,4,"","HU, Hungary",2020-03-03-07-29,2020-03-03-07-47,18,
s.12aa8a23-8c33-4746-ba30-f8250e1c133f.txt,FO9J9B,"",1,3,4,3,5,2,2,3,5,2,2,5,5,2,2,5,6,2,2,4,5,5,4,5,4,5,5,5,5,4,Eötvös Loránd Tudományegyetem,1,20,4,3,"","HU, Hungary",2020-03-05-15-29,2020-03-05-15-50,21,
s.9e8353b2-e661-4b56-8742-3995ef30fdac.txt,X0MDE8,"",1,2,4,3,4,2,2,3,3,2,3,4,2,4,3,4,5,3,2,5,6,5,4,5,4,3,5,3,3,4,ELTE,2,21,4,2,"","HU, Hungary",2020-03-07-11-15,2020-03-07-11-49,34,
s.e4dc87cf-4023-43be-88fe-acd81b31cc37.txt,DFURAI,"",2,5,4,3,5,1,1,2,3,1,4,2,3,4,4,4,4,1,2,5,4,4,4,5,4,3,5,4,4,4,ELTE,1,22,2,1,"","HU, Hungary",2020-03-05-21-50,2020-03-05-22-12,22,
s.d525660d-3c9a-4698-9986-16f73e89d55c.txt,VKUZWL,"",2,3,4,2,5,1,2,3,5,2,2,5,4,2,2,5,5,2,2,4,3,6,5,6,3,4,5,4,5,5,ELTE BTK,1,21,4,4,Nagyon izgalmas volt:),"HU, Hungary",2020-03-20-10-00,2020-03-20-10-20,20,
s.cb74616e-4e2a-4b80-9c2b-b44d9a3cb71c.txt,fju1pu,"","","","","","","","","","","","","","","","","","","","","","","","","","","","","","","","","","","","","","HU, Hungary",2020-03-19-20-55,"",""
s.b633b3ff-b675-4e3f-acf3-f77bae658efb.txt,HVEPB5,"","","","","","","","","","","","","","","","","","","","","","","","","","","","","","","","","","","","","","DE, Germany",2020-03-02-16-46,"",""
s.91fdb302-67e0-498e-96ee-2608d90ff0da.txt,X4DRAU,"",2,1,5,2,5,2,2,4,3,2,3,4,4,3,3,4,4,3,3,4,3,3,5,5,5,3,4,4,4,3,ELTE TÓK,1,21,2,4,"","HU, Hungary",2020-03-20-18-20,2020-03-20-18-36,16,
s.c01a5c66-8023-4178-a6a9-3b48620a26b5.txt,EC7QM4,"",2,2,4,2,4,1,1,3,4,2,2,4,4,2,2,6,6,2,2,6,6,2,5,5,5,5,5,5,4,4,Eötvös Loránd Tudományegyetem,2,27,2,2,"","US, United States",2020-03-06-07-28,2020-03-06-07-48,20,
s.0d43f63c-935b-4fef-a167-ba2a6f8d31eb.txt,E290NI,"",1,3,1,3,4,1,1,2,3,4,5,3,3,4,4,4,4,1,2,3,6,1,6,4,4,1,4,2,5,6,ELTE,1,22,3,4,Izgi.,"HU, Hungary",2020-03-11-21-18,2020-03-11-21-39,21,
s.38a63b40-02b6-4642-b462-3d3a0ef5f9a4.txt,LXYKTC,"",1,4,2,2,4,3,3,3,2,2,2,5,5,2,3,4,5,2,3,3,5,4,3,5,3,2,5,3,4,3,Testnevelési Egyetem,1,23,4,4,"","HU, Hungary",2020-03-10-00-35,2020-03-10-00-56,21,
s.cbe11ef0-d9a9-4f46-8add-e0dfd0227182.txt,wk7i8m,"",1,5,2,4,3,3,2,1,1,6,3,2,1,5,5,4,4,2,3,4,3,4,3,4,2,2,4,4,3,3,ELTE,1,21,1,2,"","HU, Hungary",2020-03-06-11-34,2020-03-06-11-53,19,
s.a5e4b18e-d689-490d-9371-0a08230a3866.txt,IVZMTM,"",2,1,3,1,4,3,5,5,5,1,3,4,5,2,3,4,4,2,1,6,6,6,3,6,4,5,5,5,5,4,Testnevelési Egyetem,2,25,2,4,"","HU, Hungary",2020-03-12-13-32,2020-03-12-13-55,23,
s.afdf0240-6c38-4931-be82-80ac864a1a22.txt,"","","","","","","","","","","","","","","","","","","","","","","","","","","","","","","","","","","","","","","HU, Hungary",2020-03-01-19-23,"",""
s.ce1ebeb2-b648-46c4-8e48-9ad5c44f35d5.txt,AKOCSZ,"",2,4,3,4,2,2,2,3,3,4,3,3,3,4,4,4,5,2,2,3,3,2,4,4,2,3,4,4,3,3,ELTE,1,23,3,3,"","HU, Hungary",2020-02-29-13-46,2020-02-29-14-07,21,
s.fb74f245-9351-4e25-8b38-8b4c2e4aa8d9.txt,I3JKDW,"",2,2,3,3,3,1,1,2,3,3,3,5,4,3,2,4,5,2,2,6,2,6,5,6,3,2,6,6,5,4,ELTE,1,20,4,4,Fárasztó,"HU, Hungary",2020-02-28-22-06,2020-02-28-22-23,17,
s.db574eae-04b4-4f6b-b13a-8d245b838736.txt,RZC1EP,"",2,1,4,1,3,2,2,4,5,2,2,4,4,2,2,5,6,3,1,4,5,4,4,5,4,4,5,4,5,5,Testnevelési Egyetem,2,27,4,2,A fekete képernyőn a fehér szavak bántják a szemem. Lehetne ez fordítva.,"HU, Hungary",2020-03-03-14-02,2020-03-03-14-21,19,
s.7407a112-8f89-4e13-b752-200eb260e7f7.txt,GOFLZI,"",1,2,4,3,2,3,3,2,3,4,4,3,2,4,4,4,4,3,3,3,4,5,3,4,2,3,4,3,4,3,ELTE,1,21,4,2,"","HU, Hungary",2020-03-19-16-33,2020-03-19-16-56,23,
s.088c8443-2f24-4f84-8575-c95433678c6e.txt,HASEQT,"",1,3,4,2,4,2,2,2,4,3,4,4,2,4,4,4,4,3,2,3,2,2,6,5,3,1,5,5,4,6,ELTE-TÓK,1,23,3,3,"","HU, Hungary",2020-03-10-20-30,2020-03-10-20-46,16,
s.a0e095f7-fbbb-4d99-91fe-99d52fbc3045.txt,CAST0L,"",1,3,2,2,3,4,4,2,3,4,5,3,3,4,4,4,4,3,3,4,6,2,4,5,3,3,5,2,3,1,ELTE,1,22,2,2,"","HU, Hungary",2020-03-05-13-42,2020-03-05-13-58,16,
s.9cdef792-5d30-4caf-950a-0cc6339b27ee.txt,UT2OXK,"",1,1,3,1,5,1,1,1,4,1,6,5,2,3,4,6,5,2,2,5,5,5,6,6,5,2,4,5,4,2,ELTE,1,20,4,4,"","HU, Hungary",2020-03-05-14-17,2020-03-05-14-59,42,
s.b4557826-8fe3-4b7f-bbf4-9cb3cac700b3.txt,CXNQBF,"",1,2,4,2,5,1,1,5,5,2,3,4,3,2,2,5,4,2,1,3,6,5,6,6,5,5,6,3,4,5,ELTE,1,20,4,2,"","HU, Hungary",2020-03-05-14-06,2020-03-08-17-37,4531,
s.8db44dd8-6bba-4466-a29c-15ae9ad7e808.txt,s0r0k3,"","","","","","","","","","","",5,"","","","",6,6,2,"","",6,"","","","","","","","","","","","","","","","HU, Hungary",2020-03-07-20-22,"",""
s.44634fc0-d2e3-4515-9ba1-fb8a10d7b520.txt,HX3H8P,"","","","","","","","","","","","","","","","","","","","","","","","","","","","","","","","","","","","","","HU, Hungary",2020-03-15-21-09,"",""
s.af8aec68-3e0e-4ee9-80af-a68cd1ee6b03.txt,IGI6FL,"",1,5,2,4,2,3,2,4,3,3,3,4,4,4,3,5,6,3,2,3,1,4,6,5,2,4,5,6,2,5,Eötvös Loránd Tudományegyetem,1,19,4,4,"","HU, Hungary",2020-03-01-18-42,2020-03-01-19-01,19,
s.a44d2ad2-ca77-4a44-abff-f2f2d918f764.txt,WF380V,"",1,3,4,2,5,4,4,3,2,2,3,4,4,1,2,3,4,3,3,3,5,2,6,4,4,4,4,2,6,4,Eötvös Lóránd Tudományegyetem,2,21,4,4,"","HU, Hungary",2020-03-21-10-09,2020-03-21-10-27,18,
s.1359c0fc-b631-4301-8305-a7eb10f7da4a.txt,L5B7MT,"",2,2,3,2,4,1,1,4,4,2,2,5,4,2,2,5,4,2,3,5,6,1,6,6,5,3,6,5,6,5,Eötvös Lóránd Tudományegyetem,2,21,2,2,"Túlságosan hosszú, már-már fárasztó","HU, Hungary",2020-03-20-11-44,2020-03-20-11-59,15,
s.aa2bb2ae-b242-4eb3-9f9f-39f97c742be1.txt,ICRFF7,"",1,3,3,3,4,2,2,3,4,3,3,4,4,3,3,4,4,4,3,5,4,3,5,5,2,2,4,2,4,4,ELTE TTK,2,20,3,2,"","HU, Hungary",2020-03-19-15-45,2020-03-19-15-58,13,
s.a26a3da4-035a-4da3-8927-cc7402524a81.txt,NG7V8N,"",1,4,3,4,5,2,2,2,4,3,3,4,4,3,3,4,4,2,3,3,3,2,4,4,4,3,4,1,3,4,ELTE,1,30,2,2,"","DE, Germany",2020-03-05-17-53,2020-03-05-18-12,19,
s.4110a6ff-0aca-442a-a8de-95c20780c44e.txt,"","","","","","","","","","","","","","","","","","","","","","","","","","","","","","","","","","","","","","","HU, Hungary",2020-03-29-12-36,"",""
s.3fc43e11-98bd-4596-927e-6d824b39489e.txt,o1xw8u,"","","","","","","","","","","","","","","","","","","","","","","","","","","","","","","","","","","","","","HU, Hungary",2020-03-01-19-22,"",""
s.90287aa3-f708-40e5-8a34-95a7b45e5385.txt,IJMFJ2,"",1,3,4,4,4,4,4,3,4,3,3,4,4,3,3,4,6,2,2,5,2,5,5,5,5,4,5,6,4,5,ELTE-TTK,1,21,4,4,"","HU, Hungary",2020-03-02-09-03,2020-03-02-09-23,20,
